<RSAKeyValue><Modulus>uPteeQnHYhGfizWRhV00QzGGGhzCTwqKuoKEvGO0ahPFw+1f8Pi3zcDeGHhG6boQZnWbLWnhkwawTMlSdqfIKY6xSXy89I1cVMNdYZqQZY7cL9HecxczmYffpNqGQDEEOFFUbv4n95PPqno5hIjy7DwBkuRyzHDvVOvadzpY4IE=</Modulus><Exponent>AQAB</Exponent><P>1KBFvvx4efWlzknMNbJRZy+/DE44bHV2qnzPbX+/w84dQ0ZL7LJAqdZRazGYQ73lB/lxT7fL1dJrjarzyyAmdw==</P><Q>3rd3s3b82SlX97Zv0IymXSkahx9VXR9xh21giN8usVYUK2b4eoEb7Vd1XUW1GYx690oo6BvSVDuYXYziTMlWxw==</Q><DP>khWHtd86Wvi2MVQstJvOJ+n7BdZcF9BgdmQIE8BYnYvoOQd8NKSHnuh7yf0qEyjNybvM6StrJX5LnOreUynEow==</DP><DQ>OQDwbEi6MsL4NvjE6bX2JsYMeiU07h7MKgN+v8mP4+fKRcmXM5O0GC1YZsUesylXl8+tZKsqTFDskJUsnsaxpQ==</DQ><InverseQ>nHlvsg41Iwv/cZ8SKI+BNKUP2MJzUttv3BacPgY2BSR20r+TpHzW813h5AYFlWjQWKOyIs3LclKLvIvcfncy0A==</InverseQ><D>V5NSJ7WUen5jbTGgQmZc3s7scSJab7dK9H/kPZhqiqnvwBF6kYf+5N9Bho4y7GaVaxyUqcxt6gCJqODLNLe8T/pOC7m3EA/PiIaM+cSdRIBS65rGMhksX0KV4ZA+eTicGEZn5AbxqQqfzj+S9jGqKzJ6sedvuSX/eCz30ZeO6o0=</D></RSAKeyValue>